Phone,Name
201141630660,محمد فوزي
201590582949,كريم الخطيب
201102053718,محمد أمين
201084732901,أحمد أمين
201202781829,علي سعيد
201228601675,أحمد سعيد
201209962398,كريم عزت
201507708458,مصطفى حسن
201085489679,أحمد أمين
201566342490,عمر حسن
201266343752,هاني الخطيب
201298336497,إبراهيم عبد الله
201174032692,علي عبد الله
201242186704,كريم فوزي
201539650748,يوسف فوزي
201553177281,أحمد منصور
201145114243,أحمد منصور
201244398974,مصطفى شاكر
201160761850,علي حسن
201175363808,خالد شاكر
201040600514,عمر منصور
201144927523,أيمن أمين
201538627402,أحمد عبد الله
201509443947,خالد حسن
201035176050,مصطفى عزت
201123861043,مصطفى عبد الله
201514561985,عمر أمين
201293935318,كريم أمين
201024841787,محمود عزت
201019033325,كريم أمين
201006779720,إبراهيم عبد الله
201530634114,إبراهيم الخطيب
201269950991,مصطفى عبد الله
201592578443,عمر أمين
201592135140,يوسف شاكر
201020093032,إبراهيم الخطيب
201001389404,كريم الخطيب
201177337812,عمر سعيد
201575217909,خالد سعيد
201116574878,هاني الخطيب
201277191454,محمود أمين
201517326643,إبراهيم سعيد
201053022042,أيمن عبد الله
201280765766,عمر صالح
201595446126,إبراهيم صالح
201201857272,أحمد حسن
201199835121,محمد حسن
201190160319,محمد الخطيب
201597938844,إبراهيم الخطيب
201035960733,علي الخطيب
201073938913,كريم عبد الله
201223150142,مصطفى فوزي
201261996699,أحمد عزت
201012287630,أحمد عبد الله
201026675333,كريم صالح
201596324299,عمر أمين
201293463696,إبراهيم سعيد
201281990610,عمر الخطيب
201147040999,محمود عبد الله
201066222533,كريم الخطيب
201241049771,عمر سعيد
201131222144,هاني أمين
201195961277,محمد حسن
201042115332,مصطفى عبد الله
201584466794,أيمن صالح
201180341582,إبراهيم أمين
201139226948,خالد عزت
201033133269,عمر فوزي
201026611068,محمود شاكر
201576580353,إبراهيم حسن
201249716514,هاني سعيد
201063109145,إبراهيم شاكر
201569865796,محمود فوزي
201049311286,يوسف منصور
201232977099,محمد أمين
201251130985,هاني الخطيب
201205097281,كريم حسن
201517440909,مصطفى الخطيب
201107933551,أيمن عزت
201557319577,مصطفى عزت
201152850181,أحمد عبد الله
201508090427,أيمن عزت
201099294725,كريم منصور
201509965265,هاني حسن
201153537599,علي الخطيب
201530934754,علي أمين
201550788851,هاني حسن
201513776167,علي الخطيب
201005306321,كريم شاكر
201120078679,هاني شاكر
201562374585,خالد أمين
201594967128,أحمد عزت
201038682560,خالد شاكر
201262562386,كريم شاكر
201230319902,محمود عبد الله
201054599078,محمد أمين
201227535050,خالد منصور
201282960131,محمد حسن
201596730673,يوسف سعيد
201518532460,يوسف فوزي
201190271228,علي عزت
201020352339,إبراهيم عزت
201035300877,أيمن منصور
201559027232,خالد سعيد
201083223297,أحمد حسن
201299887720,مصطفى شاكر
201550681730,محمد فوزي
201015186573,محمود الخطيب
201531342375,خالد منصور
201584959442,إبراهيم الخطيب
201545489471,محمود عبد الله
201555636951,علي صالح
201276798793,أحمد عزت
201024510558,إبراهيم فوزي
201132671480,أيمن الخطيب
201148342697,علي أمين
201009943094,أيمن منصور
201540892159,يوسف منصور
201189068444,يوسف الخطيب
201010684876,كريم حسن
201185054787,خالد منصور
201175370440,أيمن سعيد
201060936372,محمد صالح
201134618538,كريم منصور
201287288068,أحمد أمين
201266477930,علي شاكر
201518399249,أيمن صالح
201265802948,أيمن عبد الله
201080876545,خالد الخطيب
201220568841,كريم عزت
201205277079,محمد عبد الله
201274600704,محمد الخطيب
201579887446,إبراهيم شاكر
201530387199,أحمد سعيد
201234912321,محمود حسن
201240671795,خالد صالح
201080145907,أيمن حسن
201225399073,محمد حسن
201006996287,أحمد عبد الله
201119078080,عمر عبد الله
201101559129,مصطفى فوزي
201142163664,كريم حسن
201242830154,محمد أمين
201204790178,مصطفى منصور
201224309110,أيمن عزت
201024700962,عمر الخطيب
201115276683,كريم عبد الله
201537678729,أيمن منصور
201230008807,خالد صالح
201520963791,هاني عزت
201545011323,مصطفى الخطيب
201190204104,كريم صالح
201028563259,أيمن حسن
201164000453,محمد عبد الله
201152818714,أيمن حسن
201176925991,علي عبد الله
201516198316,محمد حسن
201280811677,أحمد شاكر
201207662059,هاني سعيد
201205854692,محمد أمين
201208490239,محمد الخطيب
201041355168,هاني صالح
201296280499,خالد منصور
201108639516,محمود الخطيب
201278817088,علي عزت
201049516547,إبراهيم حسن
201550952924,علي سعيد
201052362781,يوسف فوزي
201041936576,أيمن سعيد
201581218113,عمر عزت
201219521058,علي فوزي
201508224788,محمود سعيد
201504400400,عمر أمين
201092936947,خالد منصور
201214999800,أيمن صالح
201260298248,محمود فوزي
201545811627,هاني عبد الله
201253981141,يوسف أمين
201023274729,أحمد صالح
201048964100,عمر حسن
201178726954,كريم فوزي
201288981386,إبراهيم أمين
201544099760,أيمن صالح
201014437603,إبراهيم صالح
201530152319,يوسف أمين
201521166785,خالد الخطيب
201164075654,محمود منصور
201018057716,هاني فوزي
201019772304,أحمد حسن
201571730570,أيمن أمين
201288096322,أيمن سعيد
201188842297,إبراهيم عبد الله
201255162526,إبراهيم عزت
201054511538,كريم حسن
201124934959,إبراهيم عبد الله
201557150873,خالد سعيد
201266738730,محمود فوزي
201074928239,إبراهيم سعيد
201578786670,إبراهيم حسن
201080796275,خالد شاكر
201001755617,يوسف الخطيب
201201786964,عمر عزت
201254581463,أحمد عبد الله
201265703486,محمود أمين
201231096563,كريم صالح
201133702216,يوسف منصور
201580869192,كريم عزت
201212419947,إبراهيم صالح
201175151635,مصطفى أمين
201156535215,عمر فوزي
201072635765,خالد أمين
201107860483,مصطفى عبد الله
201078709114,عمر أمين
201277480702,إبراهيم أمين
201107633741,كريم حسن
201579913087,محمود فوزي
201025446997,محمد شاكر
201030126855,هاني سعيد
201528053704,إبراهيم صالح
201185879281,علي عزت
201222144287,أحمد فوزي
201556591994,عمر حسن
201068874213,خالد عزت
201019894839,إبراهيم حسن
201282654772,عمر أمين
201003066439,محمود عبد الله
201285598011,أحمد الخطيب
201503756818,هاني فوزي
201181526100,يوسف أمين
201072107170,مصطفى منصور
201035071522,أحمد شاكر
201151435944,مصطفى فوزي
201281166931,محمود شاكر
201162784699,محمد سعيد
201095991005,هاني شاكر
201500371634,عمر شاكر
201572802136,أحمد سعيد
201098308959,هاني شاكر
201008460239,محمود سعيد
201221795738,خالد سعيد
201252986701,عمر صالح
201020710609,هاني فوزي
201021249357,محمد سعيد
201080240072,عمر منصور
201217947713,كريم عزت
201269967690,عمر شاكر
201525318359,مصطفى منصور
201101294252,كريم منصور
201527931653,علي سعيد
201101360603,مصطفى أمين
201011979167,محمد حسن
201194041578,أيمن عزت
201507451016,محمود أمين
201151740163,يوسف الخطيب
201183549984,عمر شاكر
201157019356,يوسف منصور
201026285756,علي فوزي
201113952215,هاني منصور
201591062262,يوسف أمين
201297733240,هاني حسن
201220500293,محمود الخطيب
201543622452,عمر شاكر
201109804780,إبراهيم أمين
201546467783,علي شاكر
201215942695,هاني سعيد
201287964021,خالد صالح
201060014841,أحمد عزت
201198424774,مصطفى حسن
201140421265,محمود عبد الله
201059079092,يوسف حسن
201122563151,هاني سعيد
201218346496,يوسف حسن
201299803595,هاني أمين
201064782848,أيمن فوزي
201145833559,محمد أمين
201176868038,مصطفى صالح
201042931660,إبراهيم الخطيب
201557912075,محمد منصور
201555079573,عمر منصور
201284179814,يوسف سعيد
201284347723,محمود الخطيب
201592251761,أيمن أمين
201534453471,يوسف أمين
201092991224,يوسف منصور
201141273126,يوسف شاكر
201573375098,إبراهيم شاكر
201096441270,عمر شاكر
201004556047,علي أمين
201079828603,أيمن شاكر
201039766840,أيمن حسن
201598127756,إبراهيم حسن
201247222621,مصطفى الخطيب
201543277029,أحمد الخطيب
201557643199,أحمد منصور
201505342841,مصطفى الخطيب
201218523379,هاني سعيد
201161331466,مصطفى فوزي
201545228056,علي سعيد
201105792684,عمر أمين
201140553589,مصطفى أمين
201094936935,محمود شاكر
201040440758,أحمد سعيد
201227727435,عمر الخطيب
201293308589,كريم عزت
201515181296,كريم الخطيب
201011693124,أحمد عزت
201597930390,عمر عزت
201261261890,كريم أمين
201271590472,هاني سعيد
201008463064,أحمد عزت
201195098001,أيمن سعيد
201245605796,أيمن حسن
201535092886,محمود عبد الله
201261663360,كريم منصور
201530476713,يوسف شاكر
201133205449,عمر حسن
201285418314,مصطفى عزت
201271972990,عمر الخطيب
201060237884,كريم عزت
201288499240,مصطفى شاكر
201292100112,محمود أمين
201005061708,كريم صالح
201087963251,عمر سعيد
201556219031,أحمد منصور
201531550859,خالد شاكر
201253763104,أحمد سعيد
201570749294,يوسف صالح
201156927348,أيمن عبد الله
201217878561,أيمن فوزي
201177667371,علي حسن
201076306001,إبراهيم سعيد
201555848440,كريم عزت
201086531709,يوسف أمين
201573560886,يوسف عزت
201232607874,محمد شاكر
201125289791,محمد سعيد
201129423337,علي منصور
201232748192,محمد أمين
201103512245,عمر أمين
201264259693,يوسف صالح
201098195882,أحمد شاكر
201198899286,يوسف عزت
201003380485,أيمن شاكر
201041862127,عمر حسن
201171297365,مصطفى أمين
201169980476,خالد أمين
201171673358,هاني حسن
201053637075,خالد صالح
201120022176,يوسف فوزي
201523942009,كريم عبد الله
201183943453,أيمن الخطيب
201504304303,هاني الخطيب
201231053576,علي سعيد
201185140176,عمر منصور
201234032738,مصطفى عبد الله
201061245430,محمود حسن
201023915896,عمر عزت
201537622988,هاني الخطيب
201514761349,محمود فوزي
201220881262,أحمد فوزي
201063606066,خالد عبد الله
201170777898,محمد أمين
201071341715,يوسف حسن
201502916406,يوسف منصور
201265490006,كريم عزت
201150993509,خالد عبد الله
201219810281,خالد صالح
201108089385,عمر سعيد
201568232090,مصطفى عزت
201515188809,كريم الخطيب
201123187642,أيمن منصور
201281600750,إبراهيم صالح
201504163688,مصطفى حسن
201097833667,خالد أمين
201226060709,محمود حسن
201512378333,مصطفى الخطيب
201108791816,عمر منصور
201555258012,محمد منصور
201287128079,علي فوزي
201117256508,أيمن الخطيب
201239019711,عمر سعيد
201208727310,يوسف عبد الله
201027326008,إبراهيم شاكر
201061069085,إبراهيم حسن
201109608999,علي شاكر
201177711425,كريم سعيد
201041857949,إبراهيم عزت
201152077996,عمر حسن
201050195558,هاني عبد الله
201251112729,أحمد أمين
201551610513,عمر منصور
201517008641,أحمد عبد الله
201249544746,هاني حسن
201090530444,خالد حسن
201264848227,خالد الخطيب
201038526838,علي صالح
201137158350,إبراهيم صالح
201525182452,مصطفى فوزي
201130731587,إبراهيم أمين
201028824363,أحمد عبد الله
201268665768,خالد شاكر
201200750792,مصطفى سعيد
201077449512,إبراهيم سعيد
201040398640,أحمد فوزي
201087136759,هاني أمين
201223800961,علي الخطيب
201139138867,محمد سعيد
201295942189,محمود شاكر
201067192744,محمد سعيد
201580408214,محمود سعيد
201164811502,محمود سعيد
201163249501,أيمن شاكر
201258321487,محمود فوزي
201085907388,هاني منصور
201222565757,إبراهيم فوزي
201107626737,عمر عبد الله
201235873269,عمر الخطيب
201178089868,محمد منصور
201008321921,محمد شاكر
201234588584,علي الخطيب
201039052524,أحمد عزت
201199146452,محمد سعيد
201131206541,علي حسن
201569007767,علي صالح
201009536251,كريم شاكر
201031635387,عمر منصور
201533861074,عمر حسن
201219650797,أيمن فوزي
201017713655,مصطفى عزت
201528786254,إبراهيم حسن
201218929556,يوسف فوزي
201580218322,أحمد منصور
201003281716,محمد الخطيب
201027612461,خالد حسن
201241607992,كريم منصور
201540289510,خالد أمين
201184559366,علي فوزي
201259354316,أحمد سعيد
201035449314,أحمد عبد الله
201516401832,محمد الخطيب
201215322858,كريم منصور
201147188403,أيمن حسن
201572142938,أحمد فوزي
201547185164,محمود شاكر
201060291865,خالد منصور
201030423834,خالد شاكر
201230446136,علي سعيد
201268588288,كريم أمين
201514223146,مصطفى حسن
201273696010,محمد الخطيب
201588143223,عمر عبد الله
201503973428,إبراهيم أمين
201265705230,مصطفى عزت
201176032952,خالد أمين
201215895581,علي عزت
201193124949,أحمد سعيد
201015919166,أيمن عزت
201142955774,هاني عزت
201092538159,هاني عبد الله
201575565884,محمود حسن
201128989674,خالد صالح
201533425394,إبراهيم شاكر
201508128328,مصطفى سعيد
201057932052,خالد منصور
201200572705,علي حسن
201236150635,هاني منصور
201532752570,أيمن عبد الله
201048322690,علي الخطيب
201119116037,كريم عزت
201586258463,عمر أمين
201254625600,إبراهيم حسن
201511832445,علي أمين
201173278290,عمر عزت
201204927031,مصطفى سعيد
201183433034,مصطفى فوزي
201249965195,هاني صالح
201293379941,مصطفى صالح
201218133119,خالد منصور
201560404128,كريم الخطيب
201259984714,خالد الخطيب
201532299847,محمد فوزي
201519845762,كريم منصور
201535789450,أحمد عزت
201108213677,خالد شاكر
201120695344,كريم الخطيب
201502188928,علي منصور
201250370547,يوسف الخطيب
201588914545,هاني صالح
201033382428,مصطفى عبد الله
201591414888,عمر شاكر
201244006107,خالد فوزي
201239317680,أيمن منصور
201000775502,أيمن شاكر
201192573603,خالد عزت
201297991460,أحمد الخطيب
201532759931,علي سعيد
201222847116,خالد أمين
201102140069,عمر حسن
201100232320,عمر صالح
201103936091,مصطفى حسن
201067158383,كريم صالح
201137382404,أحمد حسن
201048808577,خالد شاكر
201526646652,علي صالح
201098924497,إبراهيم صالح
201166418812,أحمد عزت
201256218887,محمد منصور
201160857534,أيمن شاكر
201017540901,علي عزت
201206277899,أيمن شاكر
201578693669,محمود عبد الله
201297532365,يوسف عزت
201535964422,أحمد شاكر
201169132488,إبراهيم فوزي
201267498858,هاني أمين
201159418424,أيمن عبد الله
201590315565,يوسف الخطيب
201124715785,علي حسن
201216221385,إبراهيم عبد الله
201065124444,علي عزت
201029154710,هاني عزت
201216476083,مصطفى عزت
201505637937,أيمن حسن
201206886306,يوسف شاكر
201112301176,علي الخطيب
201068185156,أيمن حسن
201134664323,مصطفى عبد الله
201003474536,خالد سعيد
201132144003,مصطفى فوزي
201157838411,خالد سعيد
201089097313,كريم أمين
201068650075,كريم أمين
201037038234,أيمن سعيد
201145204633,محمد أمين
201132785995,كريم أمين
201086134449,عمر منصور
201183272197,علي عزت
201047550283,محمد عزت
201542564692,كريم أمين
201004337325,أحمد حسن
201284811083,عمر سعيد
201587766348,كريم منصور
201210013698,خالد أمين
201039794274,إبراهيم شاكر
201072149427,محمود عبد الله
201097541130,مصطفى شاكر
201084457177,مصطفى صالح
201521360061,علي حسن
201276133916,يوسف الخطيب
201166304271,محمود سعيد
201283305771,محمد عبد الله
201182988902,هاني فوزي
201002137279,أيمن عبد الله
201070378858,كريم عزت
201552839607,علي حسن
201102126748,هاني الخطيب
201058329125,عمر عزت
201548853216,علي شاكر
201219122975,أحمد منصور
201093091571,خالد فوزي
201021955095,أحمد حسن
201134141814,محمود صالح
201056130318,هاني فوزي
201123402972,أحمد فوزي
201186504065,خالد عزت
201074614499,أحمد فوزي
201019511281,إبراهيم شاكر
201136232109,إبراهيم أمين
201575608746,إبراهيم الخطيب
201502479014,هاني منصور
201204191837,يوسف عبد الله
201143272400,مصطفى أمين
201578643703,يوسف فوزي
201091677314,يوسف حسن
201120510336,أيمن عزت
201153982946,علي عبد الله
201512801721,يوسف عزت
201012043012,كريم عبد الله
201298143566,عمر فوزي
201584081752,محمد منصور
201126044938,كريم الخطيب
201132516668,مصطفى فوزي
201179795075,إبراهيم عبد الله
201518957003,محمود سعيد
201537439583,كريم حسن
201531864980,خالد صالح
201127184244,محمود عبد الله
201121822184,خالد عزت
201075343778,إبراهيم شاكر
201042991443,هاني الخطيب
201256806010,مصطفى فوزي
201229024537,إبراهيم شاكر
201013884155,عمر عزت
201553565284,محمد حسن
201133197321,خالد أمين
201514131842,مصطفى سعيد
201083814122,هاني سعيد
201541179029,هاني عبد الله
201083120028,إبراهيم صالح
201276542044,علي الخطيب
201136625559,هاني فوزي
201021790077,كريم سعيد
201060608452,أحمد أمين
201090755552,عمر منصور
201003044953,محمود الخطيب
201063427941,محمود سعيد
201141446075,إبراهيم عزت
201537116371,مصطفى فوزي
201285857201,محمود عزت
201080259010,علي حسن
201154274894,إبراهيم منصور
201214293544,علي أمين
201568522021,عمر عزت
201506984419,كريم أمين
201193878020,محمد أمين
201265675192,يوسف فوزي
201507542903,خالد سعيد
201140687682,خالد عزت
201595257259,مصطفى شاكر
201292855826,مصطفى منصور
201044248296,إبراهيم حسن
201270415912,علي الخطيب
201189858255,كريم عزت
201538962034,يوسف شاكر
201515708888,مصطفى منصور
201006257475,أحمد عزت
201519366993,هاني صالح
201126509590,محمود أمين
201526038335,محمد أمين
201029654456,مصطفى منصور
201098975832,كريم الخطيب
201252513063,مصطفى الخطيب
201027817876,خالد شاكر
201071885598,أيمن عزت
201178863473,علي سعيد
201139648803,كريم صالح
201135080497,هاني سعيد
201542446803,أيمن أمين
201211979242,يوسف حسن
201102069889,عمر سعيد
201292890117,عمر شاكر
201011139778,محمود صالح
201105179173,يوسف فوزي
201598261867,عمر منصور
201030800705,يوسف شاكر
201250802087,أحمد شاكر
201217511929,عمر شاكر
201591245463,كريم أمين
201238162378,أيمن منصور
201266435609,إبراهيم سعيد
201102151955,يوسف منصور
201238038948,أيمن أمين
201260634941,خالد عزت
201088836593,علي حسن
201143862131,هاني منصور
201590177301,علي عبد الله
201246730562,هاني منصور
201020459667,كريم حسن
201287662401,مصطفى عزت
201236782778,خالد أمين
201245541405,أيمن الخطيب
201195649256,محمود فوزي
201570729099,أيمن سعيد
201223576741,مصطفى شاكر
201215364246,علي صالح
201186761846,أيمن عبد الله
201594949417,خالد صالح
201144181084,علي عزت
201560006762,كريم عبد الله
201025482917,محمود صالح
201517550932,مصطفى سعيد
201269018677,أيمن سعيد
201103262991,خالد حسن
201048406558,محمود صالح
201207900859,إبراهيم عبد الله
201138772183,إبراهيم سعيد
201288516419,محمود عزت
201262111399,محمود عزت
201118997735,كريم عبد الله
201152818344,أيمن حسن
201272509889,إبراهيم الخطيب
201171697308,محمود صالح
201024894268,كريم حسن
201135899028,علي عزت
201100354609,محمد عبد الله
201023616323,إبراهيم منصور
201017964164,محمود شاكر
201525518941,إبراهيم صالح
201582813249,إبراهيم منصور
201129914294,كريم صالح
201202492654,خالد منصور
201249278180,محمود عبد الله
201155409275,يوسف أمين
201500737017,علي عبد الله
201532387791,خالد منصور
201512469329,محمود منصور
201174444400,محمد حسن
201049685439,كريم سعيد
201049993557,خالد سعيد
201151035254,محمود عزت
201528852682,يوسف فوزي
201597245642,يوسف منصور
201065978382,مصطفى سعيد
201541905359,هاني منصور
201144689868,هاني سعيد
201269344254,يوسف منصور
201286056938,محمد منصور
201245705343,كريم عبد الله
201140907521,أحمد عبد الله
201599167282,عمر الخطيب
201172063977,إبراهيم صالح
201258699313,عمر صالح
201125172476,أحمد سعيد
201152438295,خالد الخطيب
201206924394,يوسف حسن
201573679980,عمر حسن
201230646753,كريم شاكر
201546619829,خالد عزت
201107914209,محمود شاكر
201280368830,هاني أمين
201229856339,يوسف منصور
201173779720,أحمد الخطيب
201563041399,خالد شاكر
201022327843,أحمد عزت
201089954070,خالد الخطيب
201041731418,مصطفى منصور
201568006264,إبراهيم شاكر
201084907688,محمود عزت
201599444582,هاني أمين
201159667215,علي الخطيب
201518802068,يوسف منصور
201216602211,محمد أمين
201077876007,محمود عزت
201539937382,عمر أمين
201505772919,يوسف أمين
201176635573,أيمن صالح
201564159828,هاني صالح
201597267507,خالد عزت
201174449374,هاني الخطيب
201094825891,خالد أمين
201068754104,خالد منصور
201227145624,عمر صالح
201283439166,محمد شاكر
201599678683,عمر شاكر
201108744115,هاني أمين
201053463167,أحمد عزت
201271338590,كريم فوزي
201598286605,علي منصور
201260478567,يوسف منصور
201511936943,كريم شاكر
201133891158,علي أمين
201526370181,كريم منصور
201046103902,هاني أمين
201079943014,أحمد أمين
201096083985,إبراهيم منصور
201084739741,هاني عزت
201196185997,خالد الخطيب
201543498822,محمد حسن
201165912196,يوسف منصور
201582917229,يوسف أمين
201195196839,أحمد الخطيب
201214957998,أيمن سعيد
201151688678,خالد عبد الله
201092561490,محمود فوزي
201107730617,محمد الخطيب
201021034926,كريم أمين
201078002424,كريم عبد الله
201568329601,مصطفى شاكر
201028006664,عمر فوزي
201207517733,عمر عزت
201048569031,محمود حسن
201514034417,هاني فوزي
201227837330,خالد أمين
201287099775,خالد فوزي
201592488537,أحمد الخطيب
201561799875,كريم أمين
201118372379,يوسف صالح
201131212668,إبراهيم منصور
201565411401,كريم أمين
201083046121,هاني الخطيب
201008340144,هاني شاكر
201119898191,أحمد فوزي
201272249167,أيمن حسن
201174906541,علي أمين
201526986167,محمد الخطيب
201107116516,أيمن عبد الله
201122850910,كريم منصور
201018363663,إبراهيم شاكر
201560365140,هاني أمين
201586025595,مصطفى صالح
201066056917,إبراهيم عزت
201253550017,عمر الخطيب
201263010897,مصطفى الخطيب
201593725599,أيمن حسن
201555182893,عمر حسن
201126534215,كريم حسن
201167912266,أحمد فوزي
201095842297,علي صالح
201056553386,أيمن أمين
201036130382,علي عبد الله
201024442634,محمد حسن
201236528134,علي عبد الله
201149628731,يوسف فوزي
201104849231,محمد عبد الله
201224001104,علي عبد الله
201045952901,محمود الخطيب
201560085513,أيمن عزت
201500932853,إبراهيم عبد الله
201586927337,يوسف فوزي
201542037141,عمر حسن
201299899276,إبراهيم سعيد
201101360910,خالد عبد الله
201211034210,كريم الخطيب
201130818334,علي الخطيب
201299243586,محمد سعيد
201290142170,كريم عزت
201167792412,خالد سعيد
201089117126,خالد الخطيب
201022495073,هاني فوزي
201071272027,أحمد صالح
201228011938,محمد الخطيب
201527331635,عمر صالح
201582928344,أيمن شاكر
201065298608,إبراهيم سعيد
201551485623,أحمد أمين
201528416841,كريم حسن
201090358261,علي الخطيب
201224391885,إبراهيم عبد الله
201175437228,محمود شاكر
201168862267,علي سعيد
201534155953,مصطفى أمين
201094109699,هاني فوزي
201059682541,أحمد أمين
201146358128,أحمد منصور
201294658474,عمر الخطيب
201589425264,إبراهيم فوزي
201009005920,مصطفى حسن
201130723288,كريم حسن
201264949449,أيمن سعيد
201268829076,أحمد صالح
201500888056,إبراهيم حسن
201067223104,خالد صالح
201006410943,عمر صالح
201031218013,محمد صالح
201260844446,مصطفى صالح
201179741048,مصطفى سعيد
201122128336,خالد صالح
201192022308,محمد حسن
201207617549,محمود الخطيب
201151727878,أحمد عبد الله
201116969233,كريم منصور
201582829828,محمد أمين
201140874195,محمد حسن
201039580363,يوسف شاكر
201507969143,محمد فوزي
201149671730,خالد عزت
201074125124,إبراهيم أمين
201072120932,كريم سعيد
201143703356,خالد عزت
201240830905,هاني حسن
201562185465,يوسف حسن
201097873331,مصطفى سعيد
201020824839,خالد الخطيب
201568204310,كريم سعيد
201552228046,كريم أمين
201548437248,كريم صالح
201162624654,هاني صالح
201233575104,كريم سعيد
201014136029,محمد فوزي
201081828923,يوسف عبد الله
201532552611,أيمن عبد الله
201225725203,هاني حسن
201524148252,هاني الخطيب
201081498118,محمد صالح
201166831991,مصطفى شاكر
201258734432,مصطفى فوزي
201281825656,محمد منصور
201202494358,عمر شاكر
201182147047,أحمد عبد الله
201550136294,مصطفى سعيد
201056492387,كريم أمين
201548411977,محمود الخطيب
201268232666,محمود صالح
201142944379,علي عبد الله
201006493984,أيمن سعيد
201171048974,مصطفى عزت
201243694079,إبراهيم عبد الله
201141168041,مصطفى عزت
201064644440,محمد فوزي
201192377073,مصطفى سعيد
201086130652,محمد الخطيب
201556357818,أحمد سعيد
201203625931,مصطفى الخطيب
201156809271,علي حسن
201103944403,محمود عبد الله
201587041928,إبراهيم الخطيب
201075630732,مصطفى شاكر
201146833562,محمد شاكر
201149905280,إبراهيم فوزي
201109032990,أيمن فوزي
201012141853,خالد عزت
201096929216,إبراهيم حسن
201109269086,كريم منصور
201000850659,عمر منصور
201174457363,علي صالح
201595984520,كريم عبد الله
201038703375,خالد أمين
201592119318,محمد فوزي
201502363741,علي شاكر
201519503234,يوسف عزت
201226449142,عمر عبد الله
201186390727,يوسف منصور
201200846615,عمر عزت
201164375072,يوسف أمين
201274945191,هاني صالح
201087612997,عمر عزت
201246140138,يوسف الخطيب
201127742406,محمود حسن
201285290627,إبراهيم منصور
201020248843,عمر سعيد
201290515628,هاني فوزي
201227364023,إبراهيم عبد الله
201221960801,عمر الخطيب
201513966945,يوسف عبد الله
201515625629,مصطفى سعيد
201263210044,كريم صالح
201250582280,كريم الخطيب
201173209767,محمد منصور
201140722123,علي عزت
201170101057,يوسف عزت
201078435310,أيمن شاكر
201168108898,إبراهيم منصور
201148814518,محمود منصور
201034656003,مصطفى فوزي
201551431376,مصطفى الخطيب
201234826750,كريم حسن
201055879195,هاني صالح
201158246598,عمر أمين
201172121195,إبراهيم الخطيب
201059760073,كريم عزت
201261061767,عمر صالح
201560992636,محمد حسن
201248758796,مصطفى سعيد
201568992367,إبراهيم عزت
201585695064,علي عزت
201526542248,محمود سعيد
201023344856,هاني عزت
201251970883,هاني أمين
201189927725,أيمن منصور
201136824980,يوسف عزت
201501590615,يوسف منصور
201123455406,علي عبد الله
201500911167,يوسف حسن
201559058120,إبراهيم صالح
201598785550,محمد عزت
201052174202,يوسف صالح
201582229422,أيمن عبد الله
201534390977,أيمن صالح
201224285831,إبراهيم حسن
201505316437,إبراهيم أمين
201512058168,خالد أمين
201046545081,يوسف عزت
201555197949,إبراهيم شاكر
201582874265,أحمد أمين
201055168681,عمر عبد الله
201190551621,هاني عزت
201126938685,إبراهيم شاكر
201298668482,عمر الخطيب
201574958609,أحمد الخطيب
201061042209,خالد منصور
201148288036,خالد حسن
201555736930,عمر سعيد
201551667502,كريم فوزي
201050820448,محمود عزت
201150064869,محمد فوزي
201195723427,خالد سعيد
201045747704,محمد حسن
201209991772,أيمن الخطيب
201514701656,يوسف منصور
201004497977,عمر عزت
201538183934,محمد شاكر
201214738748,محمود الخطيب
201012660120,هاني حسن
201231167955,خالد عزت
201588554837,أيمن الخطيب
201137974044,محمود فوزي
201266345348,يوسف شاكر
201171247774,كريم منصور
201531216750,أيمن الخطيب
201123504957,أحمد شاكر
201101132050,خالد عزت
201584302721,يوسف شاكر
201542696038,يوسف فوزي
201509724597,عمر شاكر
201148132453,محمد الخطيب
201024744281,محمد أمين
201169406535,علي أمين
201153475138,أيمن منصور
201113480035,مصطفى سعيد
201278553181,أحمد شاكر
